resemble, 2, 2, 4
feel in, 1, 1, 2
pummel, 2, 1, 3
be property of, 1, 1, 2
pick, 2, 2, 4
to reduce, 1, 1, 2
be effective than, 1, 1, 2
should buy, 2, 1, 3
will fly to, 1, 1, 2
write about, 2, 3, 5
be use in, 23, 17, 40
be control by, 4, 2, 6
start on, 1, 1, 2
possess, 1, 1, 2
require, 12, 17, 29
be play by, 1, 1, 2
be claim by, 1, 1, 2
size, 1, 2, 3
can be treat with, 1, 1, 2
graduate from, 5, 4, 9
be sue, 2, 4, 6
will help, 1, 1, 2
dip in, 3, 4, 7
shall mean, 2, 3, 5
begin around, 1, 1, 2
roll, 2, 4, 6
 coordinate with, 1, 1, 2
concede, 1, 1, 2
turn, 1, 1, 2
be heart of, 3, 3, 6
coincide with, 1, 1, 2
permit on, 1, 2, 3
elect, 1, 1, 2
 express in, 1, 1, 2
pay to, 1, 1, 2
hand, 2, 2, 4
die in, 12, 4, 16
resume, 1, 2, 3
be preventable by, 1, 1, 2
record in, 1, 1, 2
address, 2, 1, 3
experience in, 1, 1, 2
emerge in, 2, 1, 3
will lead, 1, 1, 2
have be provide, 1, 1, 2
 connect in, 1, 1, 2
be approve in, 1, 1, 2
be write by, 1, 1, 2
v, 2, 2, 4
use in, 1, 2, 3
rule in, 5, 3, 8
elect president of, 1, 1, 2
be follow by, 1, 1, 2
 repeat at, 1, 1, 2
be handle by, 1, 1, 2
switch to, 5, 3, 8
be accept in, 1, 1, 2
who use, 1, 1, 2
dominate, 3, 4, 7
wish, 1, 1, 2
be raid by, 1, 1, 2
regret lose, 1, 2, 3
exceed, 2, 1, 3
be license by, 1, 1, 2
tip, 1, 2, 3
include parts of, 1, 1, 2
occur rarely in, 1, 1, 2
export, 1, 8, 9
be take by, 6, 2, 8
have identify, 1, 1, 2
 locate in, 25, 8, 33
be take at, 3, 1, 4
be increase in, 2, 2, 4
open to, 2, 2, 4
be smuggle into, 1, 1, 2
pay, 1, 1, 2
be link with, 3, 2, 5
lack, 3, 4, 7
have be work with, 1, 1, 2
recommend for, 1, 1, 2
may be add to, 1, 1, 2
be recognizable in, 1, 1, 2
be approve by, 2, 1, 3
be locate within, 1, 3, 4
be king of, 1, 1, 2
 know in, 2, 1, 3
remove, 1, 1, 2
serve as, 1, 2, 3
come of, 2, 1, 3
make of, 10, 4, 14
live, 9, 8, 17
help protect against, 1, 1, 2
perform, 1, 1, 2
be the birthplace of, 1, 3, 4
spread across, 1, 1, 2
can occur during, 2, 1, 3
score for, 3, 2, 5
permit, 2, 2, 4
be popular in, 18, 5, 23
be ship into, 1, 1, 2
have overtake, 1, 1, 2
 connect to, 1, 1, 2
make in, 18, 3, 21
be use extensively in, 1, 1, 2
allege that, 1, 1, 2
flow into, 1, 1, 2
to focus on, 1, 1, 2
cannot be give by, 1, 1, 2
pioneer, 1, 1, 2
leave for, 2, 2, 4
approach, 1, 2, 3
will absorb, 1, 1, 2
to prevent, 11, 4, 15
take over, 1, 1, 2
come with, 5, 6, 11
be accept through, 1, 1, 2
admit to, 4, 3, 7
hate, 3, 4, 7
block, 1, 2, 3
live at, 2, 2, 4
write, 9, 8, 17
be the antagonist of, 1, 1, 2
tour to, 1, 1, 2
be get, 1, 1, 2
be faster than, 1, 1, 2
stop produce, 1, 1, 2
dismiss, 1, 1, 2
should be test for, 1, 1, 2
propose, 1, 1, 2
be annex by, 4, 1, 5
be the result of, 2, 2, 4
have be link to, 1, 1, 2
be riddle with, 1, 1, 2
install, 2, 3, 5
be form of, 2, 2, 4
sangre, 1, 1, 2
champion, 2, 2, 4
may make, 1, 1, 2
save, 1, 1, 2
be excrete into, 4, 2, 6
be synthesize from, 1, 1, 2
be preside over by, 1, 1, 2
top, 1, 1, 2
may pass into, 2, 2, 4
be twin with, 3, 1, 4
be free from, 1, 1, 2
expand southward into, 1, 1, 2
roast, 4, 3, 7
make from, 6, 8, 14
create in, 1, 1, 2
be transfer to, 1, 1, 2
be license in, 2, 2, 4
occur frequently in, 2, 1, 3
peel, 1, 1, 2
be affect by, 1, 1, 2
have hit, 1, 1, 2
produce, 21, 22, 43
be bake with, 1, 1, 2
denounce, 1, 1, 2
cheat, 1, 1, 2
be leave in, 1, 1, 2
help reduce, 1, 1, 2
bear down on, 1, 1, 2
be load into, 1, 1, 2
infect, 1, 1, 2
be available only within, 1, 1, 2
serve with, 9, 8, 17
bind for, 1, 1, 2
complain to, 2, 2, 4
to acquire, 3, 1, 4
be know throughout, 2, 2, 4
be locate between, 2, 1, 3
be use for, 12, 9, 21
look at, 2, 2, 4
be essential in, 2, 1, 3
may be associate with, 2, 1, 3
cultivate in, 1, 1, 2
rejoin, 1, 1, 2
be contraindicate in, 3, 1, 4
raise, 6, 5, 11
be supply by, 1, 1, 2
be convert to, 6, 8, 14
suspend, 1, 2, 3
 base out of, 1, 1, 2
will move to, 1, 1, 2
lay, 12, 5, 17
to end, 2, 3, 5
tick, 3, 3, 6
be mention in, 10, 2, 12
 found by, 1, 1, 2
improve, 1, 2, 3
come to, 29, 6, 35
to send, 1, 2, 3
be serve with, 3, 3, 6
be invade by, 3, 2, 5
be part of, 34, 31, 65
try, 3, 6, 9
homer for, 1, 1, 2
ache for, 1, 1, 2
be declare, 1, 1, 2
can be smoothen by, 1, 1, 2
 endanger in, 1, 1, 2
_ bear in, 1, 1, 2
be rarely accept in, 1, 1, 2
be form in, 2, 2, 4
be uncontroll in, 2, 1, 3
cause, 33, 13, 46
be grow in, 12, 5, 17
be certify by, 1, 1, 2
be permit on, 1, 1, 2
design, 1, 1, 2
sign treaty of, 1, 1, 2
burn, 1, 1, 2
be return to, 5, 1, 6
be to as, 1, 1, 2
be art of, 1, 1, 2
serve in, 2, 2, 4
be incorporate in, 5, 3, 8
die on, 6, 1, 7
be perfect for, 1, 1, 2
rise in, 3, 3, 6
need in, 1, 1, 2
die of, 11, 1, 12
spread to, 2, 1, 3
be buy, 1, 1, 2
conduct, 3, 3, 6
combine with, 1, 1, 2
be exchange for, 1, 1, 2
work with, 11, 10, 21
sport, 1, 1, 2
could imagine, 1, 1, 2
walk, 1, 3, 4
be necessary for, 5, 3, 8
supply, 1, 1, 2
 follow by, 14, 16, 30
state, 1, 2, 3
be come with, 1, 1, 2
press, 2, 3, 5
welcome, 1, 1, 2
be buy by, 1, 1, 2
be introduce in, 3, 1, 4
be accompany by, 3, 3, 6
have show, 1, 1, 2
want, 6, 9, 15
be work with, 3, 3, 6
should be withdraw from, 1, 1, 2
recognize, 2, 4, 6
belong to, 11, 10, 21
be consume in, 1, 1, 2
be cede to, 5, 1, 6
induce, 14, 7, 21
will join, 3, 7, 10
complete acquisition of, 1, 1, 2
be name for, 1, 1, 2
have give, 2, 2, 4
be use with, 1, 1, 2
cut, 2, 2, 4
be rediscover in, 1, 1, 2
be misdiagnose as, 2, 1, 3
be tie with, 1, 1, 2
promote, 3, 3, 6
follow in, 1, 1, 2
to lead, 1, 1, 2
found, 3, 1, 4
attack, 7, 17, 24
will develop, 1, 2, 3
conclude that, 1, 1, 2
will use, 1, 1, 2
think, 3, 3, 6
receive, 5, 3, 8
have play, 1, 2, 3
be find in, 26, 23, 49
inhibit, 10, 5, 15
ally with, 1, 1, 2
work in, 9, 4, 13
be face, 1, 1, 2
watch, 1, 1, 2
to help, 2, 1, 3
shall pay, 1, 1, 2
be team with, 1, 1, 2
be available through, 1, 1, 2
quit, 2, 2, 4
withdraw from, 3, 6, 9
evoke, 1, 1, 2
be low in, 3, 4, 7
follow by, 3, 3, 6
attend, 7, 5, 12
who live in, 1, 1, 2
do cite, 1, 1, 2
be the author of, 2, 2, 4
arrive at, 3, 1, 4
initiate, 1, 1, 2
be accredit by, 6, 3, 9
be rich in, 12, 9, 21
vanish within, 1, 1, 2
go into, 2, 4, 6
have call, 2, 1, 3
be rename, 1, 1, 2
to know, 1, 2, 3
will provide, 2, 1, 3
be locate north of, 1, 1, 2
be cause of, 2, 1, 3
lie between, 1, 1, 2
be speak in, 1, 1, 2
develop, 6, 10, 16
be back in, 1, 1, 2
gear up for, 1, 1, 2
warn, 11, 4, 15
can access, 1, 1, 2
measure, 1, 1, 2
can increase, 4, 2, 6
team with, 1, 1, 2
be metabolize to, 1, 1, 2
attend university of, 2, 1, 3
rattle, 2, 1, 3
be ally with, 1, 2, 3
run on, 13, 4, 17
can become, 2, 1, 3
review on, 1, 1, 2
be commonly, 2, 1, 3
be ban in, 18, 2, 20
start at, 1, 1, 2
be review, 1, 1, 2
be annex to, 3, 1, 4
have name, 1, 1, 2
have more about, 1, 1, 2
be create out of, 1, 1, 2
secrete, 1, 1, 2
stuff with, 6, 7, 13
be editor of, 2, 3, 5
enhance, 1, 1, 2
travel to, 14, 4, 18
stop make, 1, 1, 2
invest in, 1, 2, 3
be celebrate, 4, 1, 5
start, 3, 2, 5
purchase, 2, 5, 7
join with, 2, 2, 4
be mark by, 2, 2, 4
be unite with, 1, 1, 2
manage, 1, 1, 2
develop for, 1, 5, 6
can beat, 1, 1, 2
live from, 2, 1, 3
will be decrease during, 1, 1, 2
be favor by, 1, 1, 2
regulate, 3, 3, 6
keep march beyond, 1, 1, 2
make surf, 1, 1, 2
put, 3, 2, 5
protect against, 3, 2, 5
be replace by, 1, 1, 2
say about, 1, 3, 4
enter, 9, 15, 24
be smaller than, 3, 3, 6
be manifestation of, 1, 1, 2
 compose of, 1, 1, 2
 broadcast from, 1, 1, 2
destroy, 6, 3, 9
be affected than, 1, 1, 2
relate to, 3, 1, 4
may mean, 1, 1, 2
may reduce, 1, 1, 2
can complicate, 1, 1, 2
manage by, 1, 1, 2
provide, 37, 19, 56
need to, 1, 1, 2
meet with, 2, 1, 3
look to, 1, 1, 2
be introduce to, 9, 1, 10
will arrive in, 1, 1, 2
 west to, 1, 1, 2
consume, 1, 1, 2
grow well near, 1, 1, 2
assure, 1, 1, 2
win over, 1, 1, 2
take to, 1, 1, 2
be play in, 4, 4, 8
stress that, 1, 1, 2
have in, 1, 1, 2
be essential for, 5, 2, 7
may be use to, 1, 1, 2
to work with, 1, 1, 2
must be link to, 1, 1, 2
should be avoid during, 3, 1, 4
should be take during, 1, 1, 2
may be confuse with, 1, 1, 2
have rank, 1, 1, 2
travel, 1, 1, 2
be renown for, 1, 1, 2
be fatal in, 1, 1, 2
 educate at, 1, 1, 2
breed in, 1, 1, 2
hack spread like, 1, 1, 2
be connect with, 1, 1, 2
tell, 20, 15, 35
can learn from, 1, 1, 2
replace, 3, 3, 6
experience, 2, 3, 5
be recognize on, 1, 1, 2
be a man of, 1, 1, 2
be susceptible to, 3, 1, 4
hit, 9, 11, 20
exist in, 6, 3, 9
beat, 28, 24, 52
prepare with, 1, 1, 2
bear, 1, 2, 3
arrive in, 29, 5, 34
consider, 3, 7, 10
obtain, 1, 1, 2
resist, 2, 1, 3
work on, 2, 1, 3
return to, 34, 8, 42
have partner with, 1, 1, 2
can get, 3, 2, 5
 take with, 1, 1, 2
stimulate, 7, 5, 12
be size of, 3, 2, 5
add for, 1, 1, 2
be spread to, 1, 1, 2
be situate in, 7, 8, 15
 characterize by, 1, 1, 2
ease, 2, 2, 4
be capitol of, 4, 3, 7
be build on, 2, 2, 4
be fund through, 1, 2, 3
be publish for, 1, 1, 2
be different from, 6, 3, 9
be offer, 1, 1, 2
can irritate, 1, 1, 2
start in, 13, 5, 18
 know as, 52, 59, 111
be epidemic in, 3, 1, 4
be experience, 2, 2, 4
head to, 1, 1, 2
be produce by, 1, 1, 2
intervene in, 1, 2, 3
collect in, 1, 1, 2
be purchase by, 1, 1, 2
take on, 2, 2, 4
differ deeply with, 1, 1, 2
build, 6, 7, 13
mean, 15, 17, 32
approve, 11, 15, 26
be back to, 1, 1, 2
remove to, 1, 1, 2
be compatible with, 1, 2, 3
be illegal in, 7, 2, 9
should be treat with, 1, 1, 2
may help regenerate, 1, 1, 2
be responsible for, 1, 1, 2
be cede by, 2, 1, 3
be hold, 2, 1, 3
be make by, 5, 2, 7
produce in, 6, 4, 10
have be sell, 1, 1, 2
locate in, 9, 4, 13
bind, 1, 3, 4
to join, 1, 4, 5
operate throughout, 1, 1, 2
begin in:date, 1, 1, 2
pass, 2, 4, 6
be find throughout, 4, 1, 5
be cause by, 8, 14, 22
be calculate as, 1, 1, 2
can be substitute for, 1, 1, 2
be register trademarks of, 1, 1, 2
be divide into, 3, 3, 6
merge with, 4, 4, 8
be take, 1, 1, 2
be indigenous to, 3, 1, 4
file for, 1, 3, 4
can seek, 1, 1, 2
be import from, 8, 1, 9
be secrete in, 1, 2, 3
should get out of, 1, 4, 5
may attract, 1, 1, 2
 refer to as, 4, 3, 7
interfere with, 1, 1, 2
compare, 3, 4, 7
be domesticate in, 1, 1, 2
be elect president of, 2, 1, 3
be spread in, 1, 1, 2
be support, 3, 2, 5
be wider than, 1, 1, 2
have lose to, 1, 1, 2
clear for, 1, 1, 2
can aggravate, 1, 1, 2
occur primarily in, 1, 1, 2
have support, 1, 1, 2
be high in, 12, 9, 21
be fund by, 8, 3, 11
can affect, 3, 4, 7
believe in, 1, 1, 2
tail, 1, 1, 2
involve, 3, 3, 6
have join, 2, 9, 11
be the headquarters of, 1, 1, 2
be well_known for, 1, 1, 2
be remarkable for, 1, 1, 2
to ipod, 1, 1, 2
build for, 1, 1, 2
be convert into, 6, 7, 13
meet, 14, 14, 28
be value in, 1, 1, 2
represent, 1, 1, 2
appear in, 8, 11, 19
die, 3, 3, 6
be acquire by, 1, 1, 2
promise, 2, 2, 4
dip, 5, 7, 12
be extract from, 2, 2, 4
rake through, 1, 1, 2
hold, 9, 6, 15
trail, 1, 1, 2
be prevalent than, 1, 1, 2
be split off from, 1, 1, 2
be obtain from, 5, 3, 8
to go to, 3, 3, 6
extend into, 1, 1, 2
melt in, 1, 3, 4
test, 1, 1, 2
be excrete in, 4, 3, 7
can impact, 1, 1, 2
be diagnose during, 2, 1, 3
confirm in, 1, 1, 2
take, 14, 13, 27
say in, 3, 2, 5
accompany, 2, 2, 4
; raise in, 1, 1, 2
bind to, 3, 1, 4
blame, 1, 1, 2
be prescribe frequently in, 1, 1, 2
 bound by, 1, 1, 2
be sensitive to, 1, 1, 2
 host by, 1, 1, 2
be much like, 1, 1, 2
flee from, 1, 1, 2
be similar to, 10, 10, 20
report that, 7, 9, 16
finish with, 2, 1, 3
will meet in, 1, 1, 2
strike in, 2, 2, 4
be archive in, 1, 2, 3
to enter into, 1, 1, 2
have do for, 2, 1, 3
will visit, 2, 1, 3
be destroy by, 1, 1, 2
will win, 7, 5, 12
operate out of, 1, 1, 2
be spend in, 1, 6, 7
be expand, 1, 1, 2
be set in, 1, 1, 2
claim that, 3, 2, 5
 base in, 29, 11, 40
react to, 2, 2, 4
be connect to, 7, 2, 9
iana, 1, 1, 2
be sell in, 2, 1, 3
should follow, 1, 1, 2
emerge from, 1, 1, 2
be still in, 7, 4, 11
to attack, 1, 1, 2
be separate from, 3, 3, 6
can help during, 1, 1, 2
hope, 6, 5, 11
be collaborate with, 1, 1, 2
be important during, 2, 1, 3
be host, 2, 1, 3
be capital of, 16, 12, 28
write for, 2, 4, 6
leap ahead of, 1, 1, 2
chop, 7, 6, 13
be operate in, 1, 1, 2
flee to, 7, 2, 9
be the capital of, 12, 10, 22
hold in, 3, 5, 8
to treat, 7, 2, 9
 grow in, 1, 1, 2
design for, 1, 1, 2
be fight by, 1, 1, 2
 accompany by, 1, 1, 2
headquarter in, 3, 2, 5
deliver, 5, 3, 8
have deny, 1, 1, 2
would beat, 1, 1, 2
notify, 3, 2, 5
mention, 1, 1, 2
be raise in, 4, 3, 7
be make in, 17, 2, 19
be good for, 2, 3, 5
can raise, 4, 1, 5
surround, 1, 2, 3
nourish, 2, 1, 3
contribute report from, 2, 1, 3
to invest in, 1, 1, 2
join in, 1, 1, 2
strike, 4, 5, 9
favourite, 2, 1, 3
bless, 1, 1, 2
go to, 9, 5, 14
decrease with, 2, 1, 3
fly to, 4, 2, 6
raise for, 1, 4, 5
find that, 4, 4, 8
would take, 1, 1, 2
use, 32, 37, 69
could use, 1, 1, 2
serve, 10, 8, 18
run under, 1, 1, 2
 base on, 1, 1, 2
to live with, 1, 2, 3
spread throughout, 1, 1, 2
have embrace, 1, 1, 2
be perform at, 1, 1, 2
find, 4, 3, 7
ust, 7, 1, 8
host, 5, 6, 11
 import from, 1, 1, 2
form in, 2, 4, 6
to stay in, 1, 1, 2
be the size of, 1, 2, 3
be now, 1, 1, 2
use for, 1, 1, 2
to receive, 1, 1, 2
hail from, 2, 2, 4
pay for, 1, 1, 2
dry, 3, 3, 6
fill, 2, 2, 4
be infect with, 1, 1, 2
become governor of, 1, 1, 2
feed, 2, 1, 3
; sponsor by, 1, 1, 2
have be build, 1, 1, 2
be never see in, 1, 1, 2
slam into, 1, 1, 2
be home of, 4, 11, 15
present, 3, 4, 7
can occur with, 1, 1, 2
be cultivate in, 5, 2, 7
present at, 1, 1, 2
make for, 1, 3, 4
find in, 15, 11, 26
be type of, 2, 2, 4
will beat, 4, 6, 10
be sell as, 2, 2, 4
be different than, 1, 1, 2
be ally of, 1, 1, 2
transform, 2, 4, 6
advise, 1, 1, 2
be the product of, 2, 2, 4
write from, 1, 1, 2
be eat in, 2, 1, 3
make, 23, 21, 44
be famous for, 5, 9, 14
have sign, 1, 1, 2
rebuke, 1, 1, 2
be cook with, 1, 1, 2
be do in, 8, 4, 12
can cause, 40, 14, 54
may irritate, 1, 1, 2
to work in, 1, 1, 2
depend on, 4, 2, 6
be view with, 2, 1, 3
 popularize by, 1, 1, 2
help protect, 1, 1, 2
may stave off, 1, 1, 2
be sell to, 1, 1, 2
 own by, 5, 3, 8
inform, 7, 5, 12
campaign in, 1, 1, 2
 top with, 1, 3, 4
commit, 1, 2, 3
be defeat in, 1, 2, 3
say get, 1, 2, 3
to rent, 1, 1, 2
be celebrate on, 1, 1, 2
to play, 3, 4, 7
be list as, 1, 1, 2
be heavier than, 1, 1, 2
open in, 8, 3, 11
be grow commercially in, 2, 1, 3
cover, 9, 11, 20
may be treat with, 1, 1, 2
ban in, 1, 1, 2
can obtain, 1, 1, 2
integrate into, 1, 1, 2
fire, 3, 4, 7
 fund by, 1, 1, 2
may progress to, 1, 1, 2
work nicely in, 1, 1, 2
should monitor, 1, 1, 2
develop into, 1, 1, 2
comprise, 9, 4, 13
may be combine with, 1, 1, 2
live in, 40, 10, 50
be the process of, 1, 1, 2
fall to, 2, 4, 6
be insure by, 3, 1, 4
be expose to, 1, 1, 2
invent, 2, 4, 6
to cooperate with, 1, 1, 2
can progress to, 2, 1, 3
have come to, 1, 1, 2
have drop, 1, 1, 2
be locate at, 1, 1, 2
be market worldwide by, 3, 1, 4
be warn, 1, 1, 2
ply daily between, 1, 1, 2
be anesthetize with, 2, 4, 6
develop at, 1, 1, 2
be create in, 3, 1, 4
can result in, 4, 4, 8
be practise in, 1, 1, 2
eliminate, 1, 1, 2
 cause by, 1, 4, 5
believe, 8, 5, 13
be associate with, 19, 16, 35
to kill, 1, 1, 2
call on, 1, 1, 2
outnumber, 1, 1, 2
begin teach at, 1, 1, 2
mit, 1, 1, 2
must take, 2, 1, 3
differ from, 1, 1, 2
 make by, 4, 2, 6
invade, 26, 12, 38
star, 5, 4, 9
be free of, 2, 2, 4
face, 4, 8, 12
propose that, 1, 1, 2
abandon, 1, 1, 2
be run high on, 1, 1, 2
be know in, 1, 1, 2
invite, 2, 2, 4
to use, 2, 8, 10
be use only by, 1, 1, 2
taste like, 1, 1, 2
open, 3, 3, 6
treat, 5, 3, 8
be widespread throughout, 1, 1, 2
be opposite of, 1, 1, 2
will be conduct in, 1, 1, 2
tell that, 3, 1, 4
sail for, 2, 2, 4
shrug, 1, 1, 2
confirm that, 1, 1, 2
retire from, 1, 2, 3
be make of, 15, 7, 22
be know as, 31, 42, 73
link with, 1, 1, 2
to generate, 2, 1, 3
may be use with, 1, 1, 2
occur in, 13, 12, 25
march on, 1, 1, 2
be perform in, 1, 1, 2
accept through, 1, 3, 4
have invade, 5, 3, 8
be the form of, 2, 2, 4
serve on, 1, 1, 2
be popular than, 2, 2, 4
view use, 1, 1, 2
extract from, 1, 1, 2
celebrate, 13, 2, 15
live and work in, 1, 1, 2
be prescribe for, 2, 3, 5
be plant in, 1, 1, 2
be observe in, 2, 2, 4
inspect, 2, 1, 3
shall pay to, 1, 1, 2
be release in, 3, 2, 5
allow, 3, 4, 7
be assassinate in, 1, 2, 3
can involve, 1, 1, 2
rule, 6, 4, 10
sell out, 1, 1, 2
offer for, 1, 1, 2
condemn, 1, 1, 2
be north of, 6, 3, 9
can be confuse with, 1, 1, 2
speed, 2, 1, 3
present in, 1, 1, 2
admit, 4, 3, 7
shall be fill with, 1, 1, 2
be another facility of, 1, 1, 2
be ruler of, 1, 1, 2
be commit to, 4, 5, 9
believe that, 1, 1, 2
settle in, 3, 1, 4
may be give by, 1, 1, 2
overlook, 2, 2, 4
be toxic to, 3, 1, 4
 elect in, 1, 1, 2
pass into, 16, 2, 18
can induce, 1, 1, 2
be distribute in, 1, 1, 2
be incorporate into, 2, 1, 3
mark, 1, 1, 2
base, 2, 2, 4
be service mark of, 1, 2, 3
be common in, 10, 10, 20
be arrest in, 2, 1, 3
be queen of, 1, 1, 2
begin with, 4, 4, 8
 4th of, 2, 1, 3
be branch of, 2, 2, 4
be ravage, 1, 2, 3
relate, 1, 1, 2
get taste of, 1, 1, 2
enable, 8, 4, 12
be locate in, 50, 29, 79
develop in, 6, 8, 14
be dissolve in, 2, 1, 3
work, 1, 1, 2
lose, 9, 11, 20
compete in, 1, 2, 3
will celebrate, 1, 1, 2
 travel across, 1, 1, 2
graduate from university of, 2, 1, 3
move to, 37, 7, 44
begin in, 20, 7, 27
accumulate in, 1, 1, 2
be correlate with, 2, 2, 4
love, 18, 19, 37
be celebrate in, 2, 4, 6
 angioplasty with, 1, 1, 2
seize, 3, 2, 5
manufacture in, 1, 1, 2
be write in, 2, 1, 3
become capital of, 3, 3, 6
enjoy, 7, 3, 10
seize in, 1, 1, 2
become part of, 6, 3, 9
will support, 1, 1, 2
spread in, 2, 2, 4
import from, 1, 1, 2
fall, 3, 3, 6
be own by, 8, 6, 14
eat, 5, 9, 14
happen in, 1, 1, 2
include, 13, 12, 25
be require for, 8, 2, 10
be represent in, 2, 1, 3
be conduct at, 1, 1, 2
be stable than, 1, 1, 2
may cause, 31, 9, 40
be build, 2, 5, 7
sphere ripple out from, 1, 1, 2
have inform, 1, 1, 2
can begin in, 1, 1, 2
launch in, 1, 2, 3
be run by, 1, 1, 2
devour, 1, 1, 2
collapse in, 1, 1, 2
escort, 1, 1, 2
 sleepless in, 1, 1, 2
prefer, 3, 3, 6
to and from, 1, 1, 2
to invade, 1, 1, 2
be list with, 1, 1, 2
be concern respectively with, 1, 1, 2
depart, 4, 1, 5
can occur in, 1, 1, 2
be work in, 2, 3, 5
may mimic, 1, 1, 2
hold off, 1, 1, 2
occur at, 1, 1, 2
capture, 1, 1, 2
increase with, 3, 1, 4
manufacture, 1, 1, 2
be affect, 1, 1, 2
make with, 4, 9, 13
can be eradicate from, 1, 1, 2
be no produce, 1, 1, 2
be center of, 1, 1, 2
can be transmit to, 1, 1, 2
fall on, 2, 1, 3
steal, 1, 1, 2
be complete in, 1, 1, 2
to come to, 1, 1, 2
treat with, 2, 2, 4
break out in, 1, 1, 2
call to, 1, 1, 2
begin at, 5, 4, 9
be admit into, 1, 2, 3
be ravage by, 1, 1, 2
spend, 1, 1, 2
be eat with, 1, 1, 2
be test for, 1, 1, 2
; affiliate with, 1, 1, 2
be locate on, 4, 3, 7
be list on, 1, 3, 4
annex, 1, 7, 8
cook with, 2, 2, 4
be important for, 3, 1, 4
 direct by, 2, 2, 4
fall for, 1, 1, 2
found in, 2, 4, 6
be prone to, 1, 1, 2
be secure than, 1, 1, 2
trade, 1, 1, 2
be short for, 4, 3, 7
die from, 1, 1, 2
be derive from, 9, 10, 19
ship to, 2, 2, 4
stumble across, 1, 1, 2
be bear at, 2, 2, 4
potentiate, 2, 1, 3
may develop, 3, 3, 6
get de, 1, 1, 2
urge, 6, 4, 10
score, 3, 4, 7
be concentrate in, 1, 1, 2
be process into, 1, 1, 2
end in, 2, 4, 6
rap, 1, 1, 2
may carry, 2, 1, 3
invent in, 1, 1, 2
open for, 1, 1, 2
rise with, 1, 1, 2
can reveal, 1, 2, 3
saute with, 1, 2, 3
will be base in, 1, 1, 2
stand for, 21, 23, 44
buy out, 1, 1, 2
erupt in, 1, 1, 2
detail, 1, 1, 2
be examine thoroughly for, 1, 1, 2
be define as, 4, 4, 8
be powerful than, 1, 1, 2
to visit, 5, 2, 7
be enrich with, 1, 1, 2
feature on, 1, 1, 2
be link to, 8, 9, 17
be classify as, 1, 1, 2
cede, 2, 3, 5
take control of, 1, 1, 2
be susceptible than, 1, 1, 2
preside over, 1, 1, 2
admit that, 1, 1, 2
will travel to, 1, 1, 2
sweep, 1, 1, 2
reside in, 2, 5, 7
 license to, 1, 1, 2
to become, 1, 1, 2
cannot be take by, 1, 2, 3
slam, 1, 1, 2
be schedule for, 1, 1, 2
be contest in, 1, 1, 2
be source of, 9, 5, 14
begin on, 3, 2, 5
describe from, 1, 2, 3
be install talk, 1, 1, 2
be suitable for, 1, 1, 2
introduce in, 1, 1, 2
be determine by, 1, 1, 2
have be play, 1, 1, 2
may be take by, 1, 1, 2
help maintain, 1, 1, 2
be ceo of, 1, 1, 2
be serve on, 1, 1, 2
stun, 1, 1, 2
remain in, 1, 1, 2
fall in, 5, 3, 8
be available in, 11, 6, 17
reside at, 1, 1, 2
have qualify for, 1, 1, 2
post, 1, 1, 2
leave, 22, 7, 29
have win, 7, 5, 12
be involve in, 9, 3, 12
to produce, 2, 3, 5
infect with, 2, 1, 3
 establish by, 1, 1, 2
add, 4, 3, 7
ratify, 1, 4, 5
need, 5, 9, 14
which include, 3, 2, 5
insist, 1, 2, 3
respect, 2, 1, 3
exchange, 1, 1, 2
to launch, 2, 2, 4
should be take by, 1, 1, 2
suffer from, 4, 4, 8
can develop, 3, 1, 4
be the version of, 1, 1, 2
mean that, 1, 1, 2
can lower, 3, 1, 4
choose, 2, 1, 3
overtake, 2, 2, 4
be diagnose in, 3, 2, 5
prevent, 14, 5, 19
match in, 1, 1, 2
undo, 1, 1, 2
may occur with, 1, 1, 2
to expand in, 1, 1, 2
legalize, 1, 1, 2
end, 2, 3, 5
 naturalize in, 1, 1, 2
would concede that, 1, 1, 2
have issue, 1, 1, 2
vow, 2, 2, 4
identify, 2, 1, 3
embrace, 1, 1, 2
pour, 5, 2, 7
be independent of, 2, 2, 4
label, 2, 1, 3
be birthplace of, 2, 7, 9
could cause, 1, 1, 2
be use, 3, 3, 6
be a part of, 3, 4, 7
be invent in, 10, 3, 13
be use during, 1, 1, 2
be serve by, 1, 2, 3
be follow, 2, 1, 3
study in, 1, 1, 2
download at, 8, 1, 9
release, 8, 14, 22
may follow, 3, 2, 5
be work closely with, 1, 1, 2
become member of, 2, 9, 11
may settle, 1, 1, 2
be perform with, 1, 1, 2
may protect against, 2, 1, 3
reinforce, 1, 5, 6
be hold in, 8, 8, 16
contradict, 1, 1, 2
shape, 1, 4, 5
should avoid, 3, 4, 7
offer follow, 3, 1, 4
have award, 1, 1, 2
leave in, 1, 1, 2
handle, 1, 1, 2
 make in, 6, 1, 7
can infect, 1, 1, 2
be popular for, 1, 1, 2
can be release from, 1, 1, 2
must beat, 1, 1, 2
be admit to, 2, 6, 8
to stop, 2, 2, 4
be play much like, 2, 3, 5
be the precursor of, 2, 2, 4
spot, 10, 6, 16
turn into, 1, 1, 2
can carry, 1, 1, 2
will pay, 1, 1, 2
separate officially from, 1, 1, 2
take down, 1, 1, 2
aim, 1, 1, 2
retain, 1, 1, 2
be process from, 3, 2, 5
air, 1, 1, 2
be another form of, 2, 2, 4
defeat, 14, 14, 28
suggest that, 1, 1, 2
yield, 1, 1, 2
be give by, 1, 1, 2
share, 1, 1, 2
sell in, 5, 2, 7
be deficiency of, 1, 1, 2
be govern by, 1, 1, 2
expand in, 1, 1, 2
be contest at, 1, 1, 2
be award in, 1, 1, 2
shall elect, 1, 1, 2
can be convert into, 1, 1, 2
say that, 8, 3, 11
be be hold in, 1, 1, 2
improve during, 1, 1, 2
be take throughout, 1, 1, 2
be make with, 3, 6, 9
aka, 2, 2, 4
can play, 3, 2, 5
etch, 1, 1, 2
be sport, 1, 1, 2
be marry at, 1, 1, 2
report in, 9, 2, 11
shake, 3, 1, 4
be approve for, 2, 1, 3
discover in, 1, 1, 2
compete with, 2, 3, 5
belate, 1, 1, 2
may include, 2, 1, 3
be confuse with, 5, 5, 10
can use, 1, 1, 2
be indicate by, 1, 1, 2
read, 2, 1, 3
be substitute for, 1, 1, 2
be vaccinate against, 1, 1, 2
be establish by, 2, 1, 3
to develop, 1, 1, 2
separate from, 2, 2, 4
be hub of, 1, 1, 2
be unknown in, 1, 1, 2
be endemic throughout, 1, 1, 2
collect, 1, 1, 2
 build for, 2, 1, 3
be federally_insure by, 1, 1, 2
may send out, 1, 1, 2
to meet in, 1, 1, 2
collaborate with, 2, 2, 4
can contract, 1, 1, 2
end on, 1, 1, 2
be carry by, 1, 1, 2
be mayor of, 1, 1, 2
predict, 2, 4, 6
be come to, 10, 5, 15
feel like, 2, 5, 7
accede to, 1, 5, 6
relieve, 2, 1, 3
: know as, 2, 2, 4
weaponize, 1, 1, 2
be need for, 3, 2, 5
be endemic in, 3, 6, 9
be locate well within, 1, 1, 2
be sponsor by, 6, 5, 11
be bundle with, 1, 1, 2
run for, 1, 1, 2
be common during, 3, 1, 4
cruise to, 1, 1, 2
be turn into, 1, 1, 2
maintain, 1, 1, 2
to perform in, 1, 1, 2
be marry in, 1, 3, 4
to study at, 1, 1, 2
provide by, 3, 3, 6
be abundant in, 1, 1, 2
may produce, 1, 1, 2
be synthesize in, 1, 1, 2
boil, 6, 3, 9
encompass, 2, 1, 3
create for, 1, 1, 2
be report from, 1, 1, 2
be the branch of, 2, 2, 4
be film in, 1, 1, 2
demand, 7, 2, 9
knock off, 1, 1, 2
study at, 1, 1, 2
be provide by, 1, 3, 4
progress to, 1, 1, 2
accuse, 1, 1, 2
be lighter than, 2, 2, 4
be see in, 1, 1, 2
be shell of, 4, 2, 6
to love, 1, 3, 4
 isoniazid for, 1, 1, 2
recommend, 8, 4, 12
jump into, 1, 1, 2
acquire, 12, 23, 35
catch in, 1, 1, 2
move for, 1, 1, 2
may show, 1, 1, 2
be hold on, 1, 1, 2
may be substitute for, 1, 1, 2
recover from, 1, 1, 2
do with, 1, 1, 2
be renown in, 1, 1, 2
tour, 4, 2, 6
call, 17, 28, 45
be the center of, 1, 1, 2
be come of, 2, 1, 3
explain to, 1, 1, 2
be raise for, 1, 1, 2
ask, 8, 8, 16
will be transmit to, 1, 1, 2
describe, 1, 1, 2
grab, 1, 1, 2
be accept, 2, 2, 4
have buy, 2, 3, 5
can be use to, 1, 1, 2
run, 6, 3, 9
participate in, 1, 2, 3
bomb, 2, 9, 11
be break in, 1, 3, 4
boast, 1, 2, 3
be help, 5, 2, 7
be the beginning of, 1, 1, 2
lead in, 2, 2, 4
deplete, 1, 1, 2
stay in, 3, 1, 4
have become, 1, 1, 2
be province of, 1, 1, 2
 manufacture by, 4, 2, 6
__ know as, 1, 1, 2
may require, 1, 2, 3
have warn, 4, 1, 5
be endemic to, 2, 2, 4
decrease, 4, 2, 6
build in, 1, 2, 3
be due to, 1, 1, 2
be comprise of, 1, 1, 2
be the study of, 1, 1, 2
be give to, 1, 1, 2
be transmit to, 1, 1, 2
name, 8, 6, 14
be professor of, 1, 2, 3
mourn, 1, 1, 2
be better than, 8, 8, 16
be common than, 3, 3, 6
occupy, 6, 10, 16
import, 1, 2, 3
be establish in, 3, 2, 5
will hold, 1, 1, 2
abolish, 2, 2, 4
show, 4, 7, 11
develop during, 1, 1, 2
will begin on, 1, 1, 2
post that, 1, 1, 2
will follow, 1, 1, 2
arrive from, 1, 1, 2
 bind for, 3, 4, 7
defend, 2, 1, 3
arrive, 1, 1, 2
thrash, 2, 1, 3
may co_exist with, 2, 1, 3
be bake into, 1, 1, 2
cr for, 2, 1, 3
be diagnose with, 5, 2, 7
be nickname, 1, 1, 2
win in, 5, 4, 9
be full of, 2, 2, 4
may appear in, 1, 1, 2
conquer, 7, 5, 12
introduce, 6, 15, 21
may contribute to, 1, 1, 2
be important in, 3, 2, 5
can pass into, 1, 1, 2
be uncommon in, 2, 1, 3
be prohibit in, 2, 1, 3
await in, 2, 1, 3
be president of, 9, 3, 12
to rent in, 6, 6, 12
could build, 1, 1, 2
combine well with, 1, 1, 2
reorganize, 1, 1, 2
play, 38, 17, 55
will begin in, 1, 1, 2
support to, 1, 1, 2
descend from, 1, 1, 2
cast, 2, 3, 5
crush, 1, 1, 2
 market by, 1, 1, 2
slice, 3, 2, 5
calculate that, 2, 4, 6
be legal in, 1, 1, 2
plan, 1, 1, 2
be express in, 1, 1, 2
may help prevent, 2, 1, 3
give, 20, 21, 41
get marry in, 1, 1, 2
double, 1, 1, 2
will never cure, 1, 1, 2
be name after, 1, 1, 2
be integrate with, 1, 1, 2
be diagnose by, 1, 1, 2
mark beginning of, 1, 1, 2
lead to, 12, 11, 23
damage, 3, 1, 4
be trademark of, 15, 7, 22
be rare in, 4, 5, 9
submit to, 1, 1, 2
be publish by, 1, 3, 4
direct, 1, 1, 2
to face, 1, 1, 2
gain, 3, 4, 7
should turn off, 1, 1, 2
be locate near, 1, 1, 2
warn that, 2, 2, 4
reappear in, 2, 1, 3
be the heart of, 1, 1, 2
will buy, 2, 1, 3
will face, 4, 3, 7
contribute to, 3, 7, 10
be find primarily in, 1, 1, 2
 develop by, 2, 2, 4
to control, 1, 2, 3
be lead, 9, 1, 10
kill, 6, 5, 11
provide circulation_stimulate, 1, 1, 2
return from, 5, 1, 6
criticize, 1, 1, 2
help prevent, 5, 4, 9
board, 1, 1, 2
be bear in, 56, 16, 72
be big on, 1, 1, 2
stuff, 4, 1, 5
dice, 2, 2, 4
be find mostly in, 1, 1, 2
be bound by, 1, 1, 2
influence, 4, 2, 6
survive in, 1, 1, 2
to find, 5, 8, 13
can flare during, 1, 1, 2
be publish in, 1, 1, 2
threaten, 3, 1, 4
occur commonly during, 1, 1, 2
should be use during, 7, 2, 9
look like, 9, 8, 17
enrich, 1, 2, 3
prepare for, 2, 1, 3
sell into, 1, 1, 2
help with, 3, 1, 4
to host, 2, 1, 3
be isolate from, 1, 1, 2
be meet in, 1, 1, 2
can be cause by, 3, 1, 4
integrate with, 1, 1, 2
to vote for, 2, 1, 3
be available as, 2, 1, 3
be available at, 1, 1, 2
 short for, 1, 1, 2
keep, 1, 1, 2
be alloy with, 1, 1, 2
will enter, 1, 3, 4
be contributor of, 1, 1, 2
 prescribe for, 1, 1, 2
publish in, 1, 2, 3
vote for, 2, 2, 4
will host, 2, 1, 3
to make, 10, 5, 15
sponsor, 1, 1, 2
be a source of, 1, 2, 3
unveil, 4, 7, 11
forbid, 1, 1, 2
which make, 1, 2, 3
be head east toward, 1, 1, 2
reject, 1, 1, 2
be know for, 9, 9, 18
will become, 1, 1, 2
be afraid of, 1, 1, 2
be diagnose at, 1, 1, 2
win, 35, 13, 48
drop from, 1, 1, 2
be city of, 1, 2, 3
be see over, 2, 1, 3
sail to, 1, 1, 2
san, 3, 4, 7
can be find in, 4, 5, 9
have beat, 4, 4, 8
be fortify with, 3, 3, 6
 season with, 1, 1, 2
do arrive in, 1, 1, 2
say, 11, 9, 20
be convenient for, 1, 2, 3
increase, 5, 6, 11
surpass, 2, 2, 4
spread, 1, 1, 2
rank ahead of, 1, 1, 2
head for, 1, 1, 2
can produce, 1, 1, 2
can help prevent, 1, 1, 2
will make, 2, 1, 3
rely on, 1, 2, 3
have tell, 2, 4, 6
visit, 16, 5, 21
lie in, 3, 4, 7
win at, 2, 2, 4
immigrate to, 1, 1, 2
can be toxic to, 2, 1, 3
originate in, 30, 5, 35
be administer by, 2, 2, 4
be border by, 4, 6, 10
triumph in, 2, 1, 3
bring, 4, 12, 16
will cause, 3, 1, 4
ban, 2, 9, 11
offer, 38, 26, 64
suffer, 1, 3, 4
be abolish in, 2, 1, 3
lose at, 1, 1, 2
fix, 1, 1, 2
surface in, 2, 2, 4
be controller of, 1, 1, 2
rank, 6, 5, 11
be give with, 1, 1, 2
work closely with, 3, 3, 6
pass to, 1, 1, 2
grow, 4, 6, 10
be form from, 2, 2, 4
speak of, 1, 1, 2
be acquire, 1, 1, 2
be produce in, 12, 4, 16
reveal inward, 1, 1, 2
write on, 1, 2, 3
extend, 1, 1, 2
be governor of, 5, 2, 7
deal, 1, 2, 3
affect, 7, 11, 18
will play, 4, 4, 8
search, 1, 2, 3
see, 8, 2, 10
may be helpful for, 4, 1, 5
 native to, 3, 1, 4
be discover in, 6, 1, 7
be direct by, 1, 1, 2
know about, 1, 4, 5
may eat, 1, 1, 2
be export to, 2, 1, 3
contain, 30, 24, 54
who specialize in, 1, 1, 2
to boycott, 1, 1, 2
can dissolve in, 1, 1, 2
be implicate in, 1, 1, 2
have acquire, 2, 4, 6
be turn on to, 1, 1, 2
 adjacent to, 1, 1, 2
fall appreciably in, 1, 1, 2
de, 2, 2, 4
may become, 1, 1, 2
should be in, 1, 1, 2
flow through, 1, 1, 2
be confirm in, 1, 1, 2
do, 13, 10, 23
may affect, 1, 2, 3
grow up in, 7, 4, 11
come into, 1, 1, 2
contact, 2, 1, 3
be intense at, 3, 1, 4
be join, 2, 2, 4
ed, 7, 6, 13
be contraindicate during, 1, 1, 2
may increase, 9, 2, 11
be state of, 1, 2, 3
celebrate in, 1, 1, 2
to win, 3, 2, 5
be invest in, 1, 1, 2
be report, 1, 1, 2
be power by, 3, 3, 6
 know generically as, 3, 2, 5
host by, 3, 1, 4
be educate at, 2, 2, 4
carry, 4, 3, 7
fly out to, 2, 1, 3
be register in, 2, 2, 4
be hit by, 1, 1, 2
can make, 3, 2, 5
be two service of, 1, 1, 2
be manufacture in, 6, 1, 7
be the capitol of, 1, 1, 2
 hold in, 1, 2, 3
start reject, 1, 1, 2
be potent than, 1, 1, 2
be measure in, 2, 1, 3
be make into, 3, 2, 5
which stand for, 2, 2, 4
can contribute to, 1, 1, 2
to do in, 1, 1, 2
sour somewhat as, 1, 1, 2
toss with, 6, 6, 12
be load with, 5, 3, 8
would join, 2, 2, 4
go, 14, 9, 23
be member of, 2, 4, 6
_ know as, 3, 3, 6
announce in, 19, 3, 22
 bear in, 3, 3, 6
 publish by, 2, 1, 3
speak in, 1, 1, 2
write in, 3, 2, 5
publish, 6, 9, 15
be purchase from, 6, 2, 8
avoid, 1, 1, 2
be involve with, 2, 1, 3
be make up of, 1, 1, 2
withdraw, 1, 3, 4
range from, 1, 1, 2
base in, 1, 1, 2
select, 1, 1, 2
be available from, 1, 1, 2
secede from, 2, 1, 3
invoke, 1, 1, 2
ipod, 1, 2, 3
can refer to, 1, 1, 2
be south of, 3, 2, 5
be interest in, 1, 1, 2
enter into, 1, 2, 3
simmer with, 1, 1, 2
be go to, 4, 3, 7
id, 3, 4, 7
leap into, 1, 1, 2
be 70 year of, 1, 1, 2
reduce, 18, 9, 27
be the arm of, 1, 1, 2
sign with, 1, 1, 2
be stronger than, 1, 1, 2
issue, 5, 8, 13
lower, 9, 1, 10
be the opposite of, 1, 1, 2
will accept, 3, 1, 4
drink, 1, 1, 2
announce, 4, 14, 18
grow in, 10, 3, 13
operate, 1, 1, 2
defy, 1, 1, 2
rarely cause, 1, 1, 2
begin, 5, 2, 7
become, 18, 17, 35
work as, 1, 1, 2
evolve from, 1, 1, 2
be the length of, 1, 1, 2
plate, 1, 2, 3
speak to, 1, 1, 2
be rampant in, 1, 1, 2
be browse by, 1, 1, 2
 headquarter in, 13, 7, 20
be a member of, 1, 1, 2
be unique in, 1, 1, 2
dose of, 2, 1, 3
receive with, 1, 2, 3
be change to, 1, 1, 2
be keep for, 1, 3, 4
report, 6, 12, 18
be support by, 6, 2, 8
work synergistically with, 2, 3, 5
be available for, 9, 2, 11
be active in, 2, 2, 4
operate in, 8, 5, 13
be come from, 1, 1, 2
to end of, 1, 1, 2
be originally from, 1, 2, 3
to tell, 1, 1, 2
can import from, 1, 1, 2
be as addictive as, 1, 1, 2
may result from, 1, 1, 2
will overtake, 1, 1, 2
sign, 4, 8, 12
occur naturally in, 1, 1, 2
be educate in, 1, 1, 2
be deplete by, 1, 1, 2
can reduce, 1, 1, 2
split, 1, 1, 2
be centre of, 1, 1, 2
to beat, 4, 4, 8
recommend that, 2, 3, 5
would win, 2, 2, 4
claim, 5, 10, 15
have release, 4, 5, 9
will run on, 2, 2, 4
be measure by, 1, 1, 2
be make primarily in, 1, 1, 2
 mundane in, 1, 1, 2
 build on, 1, 1, 2
to travel to, 1, 1, 2
specialize in, 8, 7, 15
beget, 1, 1, 2
establish, 1, 1, 2
license, 1, 1, 2
degli, 3, 1, 4
be author of, 2, 2, 4
proclaim, 1, 1, 2
stay at, 1, 1, 2
 sponsor by, 3, 2, 5
can lead to, 14, 12, 26
displace, 1, 1, 2
estimate that, 2, 4, 6
nt, 2, 1, 3
hatch from, 1, 1, 2
investigate, 1, 1, 2
head, 1, 1, 2
be register with, 1, 1, 2
be register at, 4, 3, 7
be patent in, 1, 1, 2
be base on, 7, 8, 15
be perform under, 1, 7, 8
devastate, 1, 5, 6
cross, 1, 1, 2
control, 3, 8, 11
have host, 3, 1, 4
be affiliate with, 2, 1, 3
pa, 1, 2, 3
be relate to, 14, 13, 27
be up at, 1, 1, 2
be subsidiary of, 1, 1, 2
be defend, 1, 1, 2
 renown throughout, 1, 1, 2
paint, 1, 1, 2
may use, 2, 2, 4
play at, 2, 1, 3
can contain, 1, 1, 2
cause by, 2, 3, 5
be combine with, 8, 7, 15
 similar to, 2, 2, 4
estimate, 2, 2, 4
be the nationalcapital of, 1, 1, 2
sign in, 1, 1, 2
be west of, 1, 2, 3
deny, 2, 2, 4
be study of, 1, 1, 2
come from, 32, 12, 44
estimate that in, 2, 1, 3
be mistake for, 2, 3, 5
accept, 51, 5, 56
decline with, 2, 1, 3
be bring to, 1, 1, 2
adopt, 1, 1, 2
be develop by, 2, 1, 3
be notify by, 1, 1, 2
oppose, 1, 1, 2
sue, 9, 11, 20
originate from, 5, 2, 7
can be damage by, 1, 1, 2
top with, 7, 9, 16
enjoy play, 1, 1, 2
be specialise in, 1, 2, 3
be compose of, 1, 2, 3
will be introduce by, 1, 1, 2
seek, 4, 3, 7
will be hold in, 4, 5, 9
seem, 1, 1, 2
release in, 1, 1, 2
spend in, 1, 1, 2
be build from, 1, 1, 2
be assign to, 1, 1, 2
fail in, 4, 1, 5
to be hold in, 1, 1, 2
be tour, 1, 1, 2
 apply to, 1, 1, 2
consist of, 6, 8, 14
launch, 9, 20, 29
lose to, 12, 17, 29
be base at, 1, 1, 2
grow widely in, 3, 1, 4
be take with, 1, 1, 2
confirm, 2, 2, 4
pull, 2, 4, 6
fly from, 2, 1, 3
be amember of, 1, 1, 2
be close on, 1, 1, 2
be paralyze, 1, 1, 2
be call, 14, 14, 28
assist, 1, 1, 2
be regulate by, 3, 2, 5
smuggle into, 1, 1, 2
be play, 10, 7, 17
declare, 14, 9, 23
work under, 1, 1, 2
suspect of, 1, 1, 2
buy, 21, 29, 50
be kill in, 5, 1, 6
occur during, 5, 2, 7
express, 1, 2, 3
to search, 1, 2, 3
turn to, 2, 2, 4
may experience, 2, 1, 3
convene in, 3, 2, 5
spend on, 1, 1, 2
be occupy by, 3, 1, 4
be base in, 45, 12, 57
to build, 1, 2, 3
generate, 1, 1, 2
tuck, 1, 1, 2
be design for, 1, 1, 2
report on, 3, 2, 5
be good with, 1, 1, 2
can count on, 1, 1, 2
saut_ with, 1, 1, 2
drizzle, 1, 1, 2
flavor, 1, 1, 2
warn of, 1, 1, 2
may lead to, 6, 3, 9
be transport to, 1, 1, 2
know, 2, 2, 4
sing, 1, 1, 2
demonstrate, 1, 1, 2
support, 25, 21, 46
drop, 1, 1, 2
work for, 1, 1, 2
will remain in, 1, 1, 2
become president of, 2, 1, 3
will be host, 1, 1, 2
speak with, 1, 1, 2
be headquarter in, 47, 14, 61
to enter, 1, 6, 7
be treat by, 1, 1, 2
be add to, 8, 6, 14
be produce, 1, 1, 2
be fill with, 2, 2, 4
be close to, 5, 3, 8
be native to, 15, 6, 21
report from, 3, 3, 6
be market by, 1, 1, 2
to include, 1, 1, 2
teach, 3, 4, 7
transmit, 1, 1, 2
blend well with, 1, 1, 2
be mine as, 1, 1, 2
refer to, 4, 4, 8
be present in, 4, 5, 9
play in, 7, 4, 11
sack, 1, 1, 2
be develop in, 10, 3, 13
reach, 8, 6, 14
will be hold on, 1, 1, 2
 combine with, 1, 1, 2
be use as, 1, 1, 2
have conquer, 1, 1, 2
can read, 1, 1, 2
lose in, 1, 1, 2
guide, 4, 1, 5
be addictive than, 1, 1, 2
can be perform in, 1, 1, 2
can win, 1, 1, 2
can develop during, 1, 1, 2
be the home of, 4, 11, 15
be influence by, 1, 1, 2
contract, 1, 1, 2
come, 1, 1, 2
push, 1, 1, 2
be region of, 1, 1, 2
be the cause of, 4, 2, 6
be essential to, 3, 1, 4
begin during, 3, 1, 4
be manufacture by, 5, 1, 6
lift, 2, 2, 4
be available throughout, 1, 1, 2
to access, 1, 1, 2
perform in, 2, 2, 4
be found in, 8, 7, 15
continue in, 3, 2, 5
wear, 2, 1, 3
export to, 3, 1, 4
be prevalent in, 3, 4, 7
be introduce into, 3, 1, 4
argue that, 1, 2, 3
feature, 2, 4, 6
recall, 1, 3, 4
get, 11, 11, 22
remain part of, 2, 1, 3
be take during, 3, 1, 4
be leave, 1, 1, 2
to quit, 8, 2, 10
come in, 4, 4, 8
be characterize by, 4, 7, 11
be investigate, 1, 1, 2
cook, 1, 1, 2
sell, 5, 11, 16
be available across, 1, 1, 2
suspect, 1, 2, 3
lead, 3, 3, 6
help, 13, 10, 23
agree with, 1, 1, 2
release version of, 1, 1, 2
be head to, 1, 1, 2
to release, 1, 1, 2
owe, 1, 3, 4
have more than, 1, 1, 2
be visit, 2, 1, 3
will cover, 1, 1, 2
grow luxuriantly in, 2, 1, 3
be practice in, 2, 1, 3
to buy, 4, 2, 6
may interact with, 3, 3, 6
be the destination of, 1, 1, 2
reveal, 1, 6, 7
continue on, 1, 1, 2
do to, 2, 1, 3
layer with, 1, 1, 2
announce that, 5, 5, 10
be mine in, 3, 3, 6
own, 6, 4, 10
appear during, 2, 1, 3
be trademarks of, 3, 2, 5
translate, 2, 1, 3
be pack with, 1, 1, 2
create, 3, 3, 6
be make from, 12, 15, 27
be track in, 1, 1, 2
be treat with, 6, 8, 14
be larger than, 3, 3, 6
write to, 1, 1, 2
be report in, 2, 2, 4
side with, 1, 1, 2
can damage, 5, 2, 7
test for, 1, 1, 2
be widespread in, 3, 1, 4
be develop, 1, 1, 2
meet in, 10, 3, 13
send, 1, 5, 6
isolate from, 1, 1, 2
be bury in, 1, 1, 2
line, 1, 2, 3
suspect in, 3, 1, 4
flee, 1, 2, 3
qualify for, 1, 1, 2
be spread through, 1, 1, 2
be tough on, 1, 1, 2
award, 3, 4, 7
be see with, 1, 1, 2
smell like, 1, 1, 2
have launch, 1, 1, 2
be harvest in, 1, 1, 2
be a district of, 1, 1, 2
be organize in, 1, 1, 2
be situate opposite, 1, 1, 2
may result in, 2, 3, 5
smoke, 3, 2, 5
match, 1, 1, 2
could face, 1, 1, 2
be also, 1, 1, 2
should be avoid in, 1, 1, 2
follow, 6, 7, 13
emit, 2, 1, 3
be the type of, 1, 1, 2
snap, 1, 3, 4
